{
  "hosting": {
    "public": "dist",
    "ignore": [
      "firebase.json",
      "**/.*",
      "**/node_modules/**"
    ],
    "rewrites": [
      {
        "source": "/sw.js",
        "destination": "/sw.js"
      },
      {
        "source": "/manifest.webmanifest",
        "destination": "/manifest.webmanifest"
      },
      {
        "source": "/offline.html",
        "destination": "/offline.html"
      },
      {
        "source": "**",
        "destination": "/index.html"
      }
    ],
    "headers": [
      {
        "source": "**/*.@(html|webmanifest)",
        "headers": [
          {
            "key": "Cache-Control",
            "value": "no-cache, no-store, must-revalidate"
          }
        ]
      },
      {
        "source": "sw.js",
        "headers": [
          {
            "key": "Cache-Control",
            "value": "no-cache, no-store, must-revalidate"
          }
        ]
      },
      {
        "source": "**/*.@(js|css|png|jpg|jpeg|gif|ico|svg|woff|woff2|ttf|eot)",
        "headers": [
          {
            "key": "Cache-Control",
            "value": "public, max-age=31536000, immutable"
          }
        ]
      }
    ]
  },
  "firestore": {
    "database": "(default)",
    "location": "asia-south1",
    "rules": "firestore.rules",
    "indexes": "firestore.indexes.json"
  },
  "storage": {
    "rules": "storage.rules"
  },
  "functions": [
    {
      "source": "functions",
      "codebase": "default",
      "ignore": [
        "node_modules",
        ".git",
        "firebase-debug.log",
        "firebase-debug.*.log",
        "*.local"
      ],
      "predeploy": [
        "npm --prefix \"$RESOURCE_DIR\" run build"
      ]
    }
  ]
}
